{
  "w1": 6.290198923501011,
  "w2": 6.2884653760257265,
  "bias": -9.52056696832163
}